{"edges": [{"__dtype__": "<f8", "__shape__": [65], "__data__": [0.0, 0.01227185, 0.02454369, 0.03681554, 0.04908739, 0.06135923, 0.07363108, 0.08590292, 0.09817477, 0.1104466, 0.1227185, 0.1349903, 0.1472622, 0.159534, 0.1718058, 0.1840777, 0.1963495, 0.2086214, 0.2208932, 0.2331651, 0.2454369, 0.2577088, 0.2699806, 0.2822525, 0.2945243, 0.3067962, 0.319068, 0.3313399, 0.3436117, 0.3558835, 0.3681554, 0.3804272, 0.3926991, 0.4049709, 0.4172428, 0.4295146, 0.4417865, 0.4540583, 0.4663302, 0.478602, 0.4908739, 0.5031457, 0.5154175, 0.5276894, 0.5399612, 0.5522331, 0.5645049, 0.5767768, 0.5890486, 0.6013205, 0.6135923, 0.6258642, 0.638136, 0.6504079, 0.6626797, 0.6749515, 0.6872234, 0.6994952, 0.7117671, 0.7240389, 0.7363108, 0.7485826, 0.7608545, 0.7731263, 0.7853982]}], "attrs": {"N1": 4033, "Lx": 512.0, "Lz": 512.0, "N2": 4033, "Ly": 512.0, "volume": 134217728.0}, "data": {"__dtype__": [["power", "<c16"], ["k", "<f8"], ["mu", "<f8"], ["modes", "<f8"]], "__shape__": [64], "__data__": [[{"__complex__": [0.0, 0.0]}, 0.0, NaN, 0.2], [{"__complex__": [102783.704589725, 0.0]}, 0.016423937282525, 0.571114256978, 5.2], [{"__complex__": [142481.039322925, 0.0]}, 0.030805746543525, 0.5031782547635, 14.4], [{"__complex__": [124082.82322906, 0.0]}, 0.04151692520828, 0.4745117229224, 30.4], [{"__complex__": [87319.346125, 0.0]}, 0.05403489286452, 0.45049607647459994, 46.8], [{"__complex__": [80311.99232208, 0.0]}, 0.06728924545211999, 0.5274431774326, 83.2], [{"__complex__": [66148.83584788001, 0.0]}, 0.07937237465612, 0.5018642476053999, 96.0], [{"__complex__": [67308.2825746, 0.0]}, 0.09141423022153998, 0.49965527208982, 144.4], [{"__complex__": [65908.64569686, 0.0]}, 0.1036714408318, 0.49540177730424, 174.8], [{"__complex__": [54295.91724015999, 0.0]}, 0.1161093012984, 0.48155814645882, 232.4], [{"__complex__": [52010.9544613, 0.0]}, 0.1284774287554, 0.5213024803216, 271.6], [{"__complex__": [55199.59492932001, 0.0]}, 0.1405956429894, 0.498966878602, 326.4], [{"__complex__": [49116.25429732, 0.0]}, 0.1531352802942, 0.49661576401508, 407.2], [{"__complex__": [48677.976175179996, 0.0]}, 0.1656370194012, 0.49860597734247997, 462.0], [{"__complex__": [47008.090008060004, 0.0]}, 0.1777012621404, 0.48578681836088, 505.6], [{"__complex__": [46679.32374156001, 0.0]}, 0.1898850522644, 0.5132562981386, 613.6], [{"__complex__": [43441.92614856001, 0.0]}, 0.2020988292878, 0.5032749577794, 661.2], [{"__complex__": [42564.37115204, 0.0]}, 0.214377432509, 0.49911569363633995, 786.8], [{"__complex__": [42137.26199318, 0.0]}, 0.2267094240036, 0.49822264293998, 853.2], [{"__complex__": [41731.26304656, 0.0]}, 0.23903025876, 0.49153016689788, 958.8], [{"__complex__": [41053.04450774, 0.0]}, 0.25134094256539996, 0.5105412992317999, 1054.0], [{"__complex__": [40887.59166440001, 0.0]}, 0.2635813957972, 0.5004357449782, 1150.8], [{"__complex__": [40871.607838460004, 0.0]}, 0.27578171048340006, 0.49797011274085995, 1268.8], [{"__complex__": [38559.905784919996, 0.0]}, 0.28811306122040004, 0.5001866321315, 1402.8], [{"__complex__": [39247.11866596, 0.0]}, 0.3003602680168, 0.4914157055544, 1472.8], [{"__complex__": [38293.753425940005, 0.0]}, 0.3126886643912, 0.5072533666938, 1680.4], [{"__complex__": [37373.430065299995, 0.0]}, 0.32509159071500005, 0.5004207300528, 1747.6], [{"__complex__": [37843.50782144, 0.0]}, 0.33738844040460003, 0.49939670722738005, 1934.0], [{"__complex__": [37277.74800458, 0.0]}, 0.3495901539744, 0.49982432623260004, 1976.0], [{"__complex__": [38187.07284548, 0.0]}, 0.36180758523480006, 0.49334851816992, 2226.0], [{"__complex__": [36619.00737346, 0.0]}, 0.3740197782734, 0.5074111974012, 2280.0], [{"__complex__": [37197.64610022, 0.0]}, 0.38632641004279994, 0.5003224629856, 2544.4], [{"__complex__": [36284.41229216, 0.0]}, 0.3986477173848, 0.49990776496440004, 2634.0], [{"__complex__": [36716.97958480001, 0.0]}, 0.41094739237100003, 0.4995238424507, 2837.2], [{"__complex__": [34949.76439132, 0.0]}, 0.42325004850240006, 0.49335253201761997, 2991.6], [{"__complex__": [36038.955127999994, 0.0]}, 0.43551678202559996, 0.5057629890681999, 3160.4], [{"__complex__": [35724.4374284, 0.0]}, 0.44780067372300003, 0.5004631860738, 3349.2], [{"__complex__": [34885.30365382, 0.0]}, 0.46001669449380006, 0.4995767215554, 3506.8], [{"__complex__": [34788.00830478, 0.0]}, 0.4722907055482001, 0.49957400177351996, 3738.0], [{"__complex__": [35719.627748319996, 0.0]}, 0.4845702560316, 0.49539988178804, 3917.2], [{"__complex__": [35424.58538714, 0.0]}, 0.4968211037082, 0.5055019213459999, 4104.8], [{"__complex__": [34862.966787540005, 0.0]}, 0.5090898479526, 0.5000582107318, 4330.4], [{"__complex__": [35565.82716932, 0.0]}, 0.52138236629, 0.499590452322, 4552.0], [{"__complex__": [34158.62849538, 0.0]}, 0.5337163560192, 0.49950285837926006, 4778.4], [{"__complex__": [35168.55078046, 0.0]}, 0.5460027581366, 0.49549813918089997, 4970.8], [{"__complex__": [34589.13105724, 0.0]}, 0.5582790623208, 0.5044914872338, 5208.0], [{"__complex__": [34880.17501512, 0.0]}, 0.570486136201, 0.5005154229886, 5360.8], [{"__complex__": [34572.635066999996, 0.0]}, 0.5827066695508, 0.49973305449636, 5700.0], [{"__complex__": [34681.731164360004, 0.0]}, 0.5950286553720001, 0.49914028668009996, 5912.8], [{"__complex__": [34870.33126408001, 0.0]}, 0.6073074393992001, 0.4962941408387399, 6166.8], [{"__complex__": [34607.8171449, 0.0]}, 0.6195788268898001, 0.5045505906812, 6378.0], [{"__complex__": [34090.19240828, 0.0]}, 0.6318985023056001, 0.49938296716419994, 6753.2], [{"__complex__": [33639.912916140005, 0.0]}, 0.644213200967, 0.5004316685142001, 6892.8], [{"__complex__": [34284.1318035, 0.0]}, 0.6565140913436001, 0.49915156740824, 7244.0], [{"__complex__": [34634.07282096, 0.0]}, 0.6687075333412, 0.49671676881496, 7334.0], [{"__complex__": [34303.53580738, 0.0]}, 0.6809637363554, 0.5029751466542001, 7822.8], [{"__complex__": [34140.35753930001, 0.0]}, 0.69325269964, 0.5002187503006, 7979.6], [{"__complex__": [33903.39355058, 0.0]}, 0.7054630026472, 0.5002806012152, 8252.8], [{"__complex__": [33899.22379122, 0.0]}, 0.7177391855144, 0.49950566182253997, 8664.0], [{"__complex__": [33875.91173916, 0.0]}, 0.7300158149004, 0.49705157909942005, 8836.8], [{"__complex__": [33777.552575839996, 0.0]}, 0.7423416651684001, 0.5034340663764, 9309.6], [{"__complex__": [33817.12618828, 0.0]}, 0.754627984526, 0.5005485190718, 9439.6], [{"__complex__": [33795.99946816, 0.0]}, 0.7668401968530001, 0.4995642561894, 9760.4], [{"__complex__": [33722.77184764, 0.0]}, 0.7791616673813999, 0.49994529430299994, 10283.6]]}, "dims": ["k"]}